{"stats":{"minecraft:dropped":{"kimetsunoyaiba:bamboo_sword":1},"minecraft:killed_by":{"minecraft:zombie":1,"minecraft:enderman":1},"minecraft:custom":{"minecraft:time_since_rest":955,"minecraft:play_one_minute":4460,"minecraft:sprint_one_cm":5590,"minecraft:deaths":3,"minecraft:damage_taken":495,"minecraft:walk_one_cm":10854,"minecraft:sneak_time":5,"minecraft:mob_kills":2,"minecraft:drop":1,"minecraft:damage_dealt_resisted":107,"minecraft:jump":67,"minecraft:damage_dealt":490,"minecraft:leave_game":2,"minecraft:time_since_death":909,"minecraft:fly_one_cm":8331},"minecraft:used":{"kimetsunoyaiba:saber":23,"kimetsunoyaiba:school_nezuko_spawn_egg":1},"minecraft:picked_up":{"minecraft:leather":1,"kimetsunoyaiba:mukimuki_chestplate":1,"kimetsunoyaiba:saber":1,"kimetsunoyaiba:bamboo_sword":1,"kimetsunoyaiba:school_nezuko_spawn_egg":1,"minecraft:dirt":2}},"DataVersion":2586}