{"stats":{"minecraft:killed_by":{"minecraft:wither":1,"minecraft:zombie":2,"minecraft:enderman":1},"minecraft:picked_up":{"minecraft:arrow":2,"minecraft:rotten_flesh":2,"minecraft:andesite":19,"minecraft:leather":1,"minecraft:granite":9,"minecraft:porkchop":3,"minecraft:nether_star":1,"minecraft:diorite":25,"minecraft:gunpowder":1,"minecraft:coal":5,"minecraft:mutton":1,"minecraft:dirt":12,"minecraft:string":3,"minecraft:white_wool":1,"minecraft:cobblestone":103},"minecraft:custom":{"minecraft:time_since_rest":8577,"minecraft:play_one_minute":26374,"minecraft:crouch_one_cm":708,"minecraft:sprint_one_cm":17973,"minecraft:damage_taken":1125,"minecraft:walk_one_cm":43931,"minecraft:deaths":5,"minecraft:sneak_time":158,"minecraft:mob_kills":46,"minecraft:drop":1,"minecraft:damage_dealt_resisted":107,"minecraft:jump":173,"minecraft:damage_dealt":505,"minecraft:leave_game":3,"minecraft:time_since_death":8534,"minecraft:walk_on_water_one_cm":417,"minecraft:fly_one_cm":38187,"minecraft:fall_one_cm":859},"minecraft:used":{"minecraft:command_block":1,"minecraft:zombie_spawn_egg":96},"minecraft:killed":{"minecraft:skeleton":4,"minecraft:spider":4,"minecraft:zombie":22,"minecraft:creeper":4,"minecraft:squid":2,"minecraft:wither":8},"minecraft:mined":{"minecraft:grass":1}},"DataVersion":2586}